DATE,CLOSE,TICKER,OPEN,HIGH,LOW,VOLUME
26/04/2019,48.50,FOX,48.40,48.50,48.00,6700.00
25/04/2019,48.00,FOX,48.00,48.00,48.00,100.00
24/04/2019,48.00,FOX,48.00,48.00,48.00,100.00
23/04/2019,48.00,FOX,48.00,48.00,48.00,100.00
22/04/2019,48.00,FOX,48.00,48.00,48.00,300.00
19/04/2019,45.90,FOX,45.90,45.90,45.90,10.00
18/04/2019,48.50,FOX,47.50,48.50,42.60,2500.00
17/04/2019,48.50,FOX,48.50,48.50,48.50,100.00
16/04/2019,48.50,FOX,48.50,48.50,48.40,947.00
12/04/2019,49.00,FOX,49.00,49.00,49.00,0.00
11/04/2019,48.20,FOX,49.20,49.30,48.20,9000.00
10/04/2019,48.60,FOX,49.00,49.40,48.60,8500.00
09/04/2019,48.50,FOX,49.00,49.00,48.50,503.00
08/04/2019,48.60,FOX,48.60,48.60,48.60,735.00
05/04/2019,48.50,FOX,49.00,49.00,48.50,650.00
04/04/2019,48.50,FOX,48.50,48.50,48.50,11100.00
03/04/2019,48.50,FOX,48.00,48.50,48.00,2800.00
02/04/2019,48.00,FOX,48.00,48.00,48.00,100.00
01/04/2019,48.50,FOX,48.00,48.50,47.10,3230.00
29/03/2019,48.00,FOX,48.00,48.00,48.00,3600.00
28/03/2019,48.00,FOX,48.50,48.50,48.00,1500.00
27/03/2019,49.50,FOX,49.50,49.50,49.50,500.00
26/03/2019,49.50,FOX,49.50,49.50,49.50,1600.00
25/03/2019,48.50,FOX,49.00,49.00,48.50,4865.00
22/03/2019,49.50,FOX,49.50,49.50,49.50,500.00
21/03/2019,50.00,FOX,50.00,50.00,50.00,0.00
20/03/2019,50.00,FOX,50.00,50.00,50.00,8000.00
19/03/2019,50.00,FOX,50.00,50.00,50.00,200.00
18/03/2019,50.00,FOX,50.00,50.00,50.00,110.00
15/03/2019,50.00,FOX,50.00,50.00,50.00,300.00
14/03/2019,50.00,FOX,50.00,50.00,50.00,0.00
13/03/2019,50.00,FOX,50.00,50.00,50.00,47.00
12/03/2019,50.00,FOX,50.00,50.00,50.00,200.00
11/03/2019,50.50,FOX,50.50,50.50,50.50,400.00
08/03/2019,50.50,FOX,50.50,50.50,50.50,1200.00
07/03/2019,48.50,FOX,48.50,48.50,48.50,500.00
06/03/2019,52.00,FOX,52.00,52.00,52.00,0.00
05/03/2019,52.00,FOX,52.00,52.00,52.00,0.00
04/03/2019,52.00,FOX,52.00,52.00,52.00,200.00
01/03/2019,52.00,FOX,52.00,52.00,52.00,300.00
28/02/2019,50.20,FOX,50.20,50.20,50.20,305.00
27/02/2019,52.00,FOX,52.00,52.00,52.00,800.00
26/02/2019,51.00,FOX,50.20,51.00,50.20,600.00
25/02/2019,51.00,FOX,50.20,51.00,50.20,23217.00
22/02/2019,51.00,FOX,51.00,51.00,50.10,1520.00
21/02/2019,50.10,FOX,50.10,50.10,50.10,10.00
20/02/2019,50.10,FOX,50.10,50.10,50.10,1700.00
19/02/2019,51.00,FOX,51.00,51.00,51.00,250.00
18/02/2019,50.30,FOX,50.00,52.00,50.00,4600.00
15/02/2019,50.10,FOX,50.10,50.10,50.10,0.00
14/02/2019,50.00,FOX,50.00,50.10,50.00,11700.00
13/02/2019,50.50,FOX,50.50,50.50,49.60,10400.00
12/02/2019,50.00,FOX,50.00,50.00,50.00,900.00
11/02/2019,51.50,FOX,51.50,51.50,51.50,0.00
01/02/2019,51.50,FOX,51.50,51.50,51.50,0.00
31/01/2019,51.50,FOX,51.50,51.50,51.50,100.00
30/01/2019,49.00,FOX,49.00,49.00,49.00,900.00
29/01/2019,48.90,FOX,48.90,48.90,48.90,0.00
28/01/2019,48.90,FOX,48.90,48.90,48.90,2.00
25/01/2019,48.70,FOX,49.00,49.00,48.70,1900.00
24/01/2019,49.00,FOX,48.50,49.00,48.50,1010.00
23/01/2019,48.50,FOX,48.50,48.50,48.50,200.00
22/01/2019,48.10,FOX,48.10,48.10,48.10,0.00
21/01/2019,48.10,FOX,48.20,48.50,48.10,3100.00
18/01/2019,48.10,FOX,48.10,48.10,48.10,100.00
17/01/2019,48.00,FOX,48.10,49.50,48.00,8886.00
16/01/2019,48.00,FOX,48.00,48.00,48.00,77.00
15/01/2019,48.00,FOX,48.00,48.50,48.00,5507.00
14/01/2019,48.00,FOX,48.00,48.00,48.00,2590.00
11/01/2019,48.00,FOX,48.00,48.00,48.00,10.00
10/01/2019,49.00,FOX,48.00,49.00,48.00,9150.00
09/01/2019,48.00,FOX,48.00,48.00,48.00,2010.00
08/01/2019,48.10,FOX,48.20,48.20,48.10,300.00
07/01/2019,50.50,FOX,50.50,50.50,50.50,0.00
04/01/2019,50.50,FOX,50.50,50.50,50.50,0.00
03/01/2019,50.50,FOX,50.50,50.50,50.50,159.00
02/01/2019,50.90,FOX,50.90,50.90,50.90,100.00
28/12/2018,50.90,FOX,49.10,50.90,49.10,9500.00
27/12/2018,49.30,FOX,49.30,49.30,48.60,4750.00
26/12/2018,50.50,FOX,50.50,50.50,50.50,100.00
25/12/2018,50.00,FOX,50.00,50.00,50.00,0.00
24/12/2018,50.00,FOX,50.00,50.00,50.00,100.00
21/12/2018,50.00,FOX,50.00,50.00,50.00,0.00
20/12/2018,50.00,FOX,50.00,50.00,50.00,20600.00
19/12/2018,50.00,FOX,50.00,50.00,50.00,0.00
18/12/2018,50.00,FOX,50.00,50.00,50.00,95.00
17/12/2018,50.00,FOX,50.00,50.00,50.00,17530.00
14/12/2018,50.00,FOX,50.00,50.00,50.00,8011.00
13/12/2018,50.10,FOX,50.10,50.10,50.10,24.00
12/12/2018,50.10,FOX,50.10,50.10,50.10,0.00
11/12/2018,50.10,FOX,50.10,50.10,50.10,0.00
10/12/2018,50.10,FOX,50.10,50.10,50.10,0.00
07/12/2018,51.70,FOX,50.10,51.70,50.00,4300.00
06/12/2018,50.50,FOX,50.00,51.00,50.00,15950.00
05/12/2018,50.50,FOX,50.00,50.50,50.00,3941.00
04/12/2018,50.00,FOX,50.00,50.00,50.00,2040.00
03/12/2018,50.00,FOX,50.00,50.00,50.00,0.00
30/11/2018,50.00,FOX,50.00,50.00,50.00,0.00
29/11/2018,50.00,FOX,50.00,50.00,50.00,2020.00
28/11/2018,50.00,FOX,50.00,50.00,50.00,100.00
27/11/2018,51.50,FOX,51.50,51.50,51.50,0.00
26/11/2018,51.50,FOX,51.50,51.50,51.50,0.00
23/11/2018,51.50,FOX,51.50,51.50,51.50,0.00
22/11/2018,51.50,FOX,51.50,51.50,51.50,200.00
21/11/2018,51.50,FOX,51.50,51.50,51.50,2.00
20/11/2018,51.50,FOX,51.50,51.50,51.50,250.00
19/11/2018,51.00,FOX,51.00,51.00,51.00,200.00
16/11/2018,51.00,FOX,51.00,51.00,51.00,55.00
15/11/2018,51.00,FOX,51.00,51.00,51.00,50.00
14/11/2018,51.00,FOX,51.00,51.00,51.00,200.00
13/11/2018,51.50,FOX,51.50,51.50,51.50,0.00
12/11/2018,51.50,FOX,51.50,51.50,51.50,42.00
09/11/2018,51.50,FOX,51.50,51.50,51.50,500.00
08/11/2018,51.00,FOX,51.00,51.00,51.00,0.00
07/11/2018,51.00,FOX,51.00,51.00,51.00,800.00
06/11/2018,50.00,FOX,50.00,50.00,50.00,0.00
05/11/2018,50.00,FOX,50.00,50.00,50.00,0.00
02/11/2018,50.00,FOX,50.00,50.00,50.00,500.00
01/11/2018,52.00,FOX,51.40,52.00,51.40,800.00
31/10/2018,51.00,FOX,51.00,51.00,51.00,100.00
30/10/2018,51.50,FOX,51.50,51.50,51.50,1000.00
29/10/2018,52.50,FOX,52.40,52.50,52.30,1000.00
26/10/2018,52.50,FOX,51.00,52.50,51.00,4900.00
25/10/2018,51.00,FOX,50.00,51.00,50.00,8000.00
24/10/2018,52.00,FOX,52.00,52.00,52.00,3200.00
23/10/2018,51.50,FOX,52.00,52.00,51.20,6910.00
22/10/2018,52.00,FOX,52.00,52.40,52.00,2910.00
19/10/2018,52.00,FOX,52.60,52.60,52.00,2200.00
18/10/2018,52.70,FOX,52.70,52.70,52.70,0.00
17/10/2018,52.50,FOX,52.00,54.50,52.00,5650.00
16/10/2018,52.00,FOX,52.00,52.00,52.00,1310.00
15/10/2018,51.10,FOX,51.10,51.10,51.10,0.00
12/10/2018,51.10,FOX,51.10,51.10,51.10,49.00
11/10/2018,51.10,FOX,51.50,51.50,50.70,8700.00
10/10/2018,52.00,FOX,52.00,52.00,52.00,2515.00
09/10/2018,52.00,FOX,52.00,52.00,52.00,3000.00
08/10/2018,52.00,FOX,52.00,52.00,52.00,1720.00
05/10/2018,52.00,FOX,52.00,52.00,52.00,7300.00
04/10/2018,52.00,FOX,52.00,52.00,52.00,749.00
03/10/2018,52.00,FOX,53.80,54.00,52.00,5526.00
02/10/2018,52.40,FOX,52.40,52.40,52.40,30.00
01/10/2018,54.00,FOX,52.00,54.00,52.00,9605.00
28/09/2018,52.00,FOX,51.00,52.00,51.00,9240.00
27/09/2018,52.50,FOX,52.30,52.50,52.30,2400.00
26/09/2018,52.00,FOX,52.00,52.00,52.00,11060.00
25/09/2018,52.00,FOX,52.00,52.00,52.00,1500.00
24/09/2018,51.00,FOX,51.00,51.00,51.00,630.00
21/09/2018,51.20,FOX,51.20,51.20,51.20,15048.00
20/09/2018,51.20,FOX,51.10,51.20,51.10,6157.00
19/09/2018,51.20,FOX,51.10,51.70,51.10,7860.00
18/09/2018,51.00,FOX,51.00,51.00,51.00,1040.00
17/09/2018,50.30,FOX,50.30,50.30,50.30,100.00
14/09/2018,50.90,FOX,50.90,50.90,50.90,300.00
13/09/2018,50.60,FOX,50.60,50.60,50.60,500.00
12/09/2018,51.00,FOX,51.00,51.00,51.00,89.00
11/09/2018,51.00,FOX,51.00,51.00,51.00,1000.00
10/09/2018,51.00,FOX,51.00,51.00,51.00,1033.00
07/09/2018,51.00,FOX,51.00,51.00,51.00,100.00
06/09/2018,50.60,FOX,50.60,50.60,50.60,205.00
05/09/2018,51.00,FOX,51.00,51.00,51.00,200.00
04/09/2018,51.00,FOX,51.00,51.00,51.00,1523.00
31/08/2018,51.10,FOX,51.10,51.10,51.10,0.00
30/08/2018,51.10,FOX,51.00,51.10,51.00,973.00
29/08/2018,50.50,FOX,50.50,50.50,50.50,10.00
28/08/2018,50.50,FOX,50.50,50.50,50.50,200.00
27/08/2018,51.50,FOX,50.50,51.50,50.50,2640.00
24/08/2018,51.00,FOX,52.00,52.00,51.00,500.00
23/08/2018,52.00,FOX,52.00,52.00,52.00,545.00
22/08/2018,52.00,FOX,52.00,52.00,52.00,200.00
21/08/2018,52.00,FOX,52.00,52.00,52.00,300.00
20/08/2018,51.00,FOX,51.00,51.00,50.50,2300.00
17/08/2018,51.00,FOX,51.00,51.00,51.00,45.00
16/08/2018,51.00,FOX,51.10,51.10,51.00,310.00
15/08/2018,51.00,FOX,51.00,51.00,51.00,250.00
14/08/2018,51.00,FOX,50.60,51.40,50.50,7100.00
13/08/2018,51.40,FOX,51.30,51.50,51.30,4974.00
10/08/2018,50.00,FOX,51.00,51.50,50.00,5366.00
09/08/2018,51.50,FOX,51.50,51.50,51.50,2003.00
08/08/2018,51.50,FOX,51.50,51.50,51.00,4612.00
07/08/2018,54.90,FOX,54.90,54.90,54.90,0.00
06/08/2018,54.90,FOX,54.90,54.90,54.90,100.00
03/08/2018,51.50,FOX,51.10,51.50,51.10,2200.00
02/08/2018,51.50,FOX,51.50,51.50,51.50,0.00
01/08/2018,50.80,FOX,51.00,55.90,50.80,6610.00
31/07/2018,50.00,FOX,51.00,52.00,50.00,2400.00
30/07/2018,51.00,FOX,51.00,51.00,50.20,8700.00
27/07/2018,51.00,FOX,56.00,56.00,51.00,784.00
26/07/2018,52.00,FOX,52.00,52.00,52.00,66.00
25/07/2018,52.00,FOX,53.50,53.50,52.00,14800.00
24/07/2018,53.00,FOX,52.00,53.00,52.00,200.00
23/07/2018,53.00,FOX,52.00,53.00,52.00,1775.00
20/07/2018,52.90,FOX,52.90,52.90,52.90,0.00
19/07/2018,56.00,FOX,51.00,56.00,51.00,1750.00
18/07/2018,53.40,FOX,53.40,53.40,53.40,0.00
17/07/2018,53.40,FOX,53.40,53.40,53.40,80.00
16/07/2018,55.00,FOX,52.90,55.00,52.90,1548.00
13/07/2018,51.80,FOX,51.20,51.80,51.00,15651.00
12/07/2018,51.00,FOX,50.00,51.00,50.00,5230.00
11/07/2018,51.00,FOX,51.00,51.00,51.00,2400.00
10/07/2018,51.00,FOX,49.90,51.00,49.90,9950.00
09/07/2018,51.00,FOX,50.50,51.00,50.50,250.00
06/07/2018,49.00,FOX,49.80,49.90,49.00,1421.00
05/07/2018,49.80,FOX,49.00,49.80,48.00,2726.00
04/07/2018,50.50,FOX,51.00,51.00,50.50,2110.00
03/07/2018,48.20,FOX,48.20,48.20,48.20,505.00
02/07/2018,48.00,FOX,48.50,48.50,48.00,1100.00
29/06/2018,51.50,FOX,51.50,51.50,51.50,28.00
28/06/2018,51.00,FOX,51.00,52.00,51.00,3700.00
27/06/2018,54.00,FOX,51.80,54.00,51.80,2026.00
26/06/2018,51.50,FOX,51.00,51.50,51.00,5400.00
25/06/2018,51.50,FOX,50.00,52.00,50.00,2800.00
22/06/2018,51.80,FOX,51.80,51.80,51.80,100.00
21/06/2018,51.80,FOX,51.80,51.80,51.80,0.00
20/06/2018,51.50,FOX,52.00,52.00,51.50,7625.00
19/06/2018,50.00,FOX,50.00,50.10,50.00,3525.00
18/06/2018,51.00,FOX,50.00,51.00,50.00,900.00
15/06/2018,50.50,FOX,54.00,54.00,50.50,23755.00
14/06/2018,54.00,FOX,55.00,55.00,54.00,6910.00
13/06/2018,54.00,FOX,54.30,54.30,54.00,2111.00
12/06/2018,54.30,FOX,54.50,54.50,54.30,680.00
11/06/2018,54.00,FOX,53.00,54.00,53.00,4230.00
08/06/2018,54.00,FOX,50.00,54.00,50.00,307.00
07/06/2018,56.90,FOX,55.00,56.90,55.00,330.00
06/06/2018,54.00,FOX,54.00,54.00,53.00,1357.00
05/06/2018,54.90,FOX,59.80,59.80,54.90,2100.00
04/06/2018,52.00,FOX,51.90,52.90,51.90,6205.00
01/06/2018,47.80,FOX,52.00,52.00,47.80,95839.00
31/05/2018,51.00,FOX,50.10,51.00,50.10,6000.00
30/05/2018,50.10,FOX,50.00,50.10,50.00,3900.00
29/05/2018,51.00,FOX,50.70,51.00,50.00,2900.00
28/05/2018,50.70,FOX,50.70,50.70,50.70,709.00
25/05/2018,51.00,FOX,44.20,54.00,44.20,1200.00
24/05/2018,52.00,FOX,52.00,52.00,52.00,500.00
23/05/2018,53.00,FOX,53.00,53.00,53.00,3500.00
22/05/2018,53.00,FOX,53.10,53.10,53.00,4600.00
21/05/2018,53.00,FOX,54.00,54.00,53.00,10800.00
18/05/2018,53.20,FOX,53.10,54.00,53.10,1500.00
17/05/2018,55.00,FOX,56.00,56.00,55.00,2400.00
16/05/2018,55.00,FOX,55.50,55.50,55.00,1500.00
15/05/2018,56.00,FOX,56.00,56.00,56.00,1038.00
14/05/2018,56.00,FOX,56.00,56.00,56.00,162.00
11/05/2018,56.00,FOX,56.50,56.50,56.00,3500.00
10/05/2018,55.00,FOX,55.10,56.00,55.00,5500.00
09/05/2018,55.00,FOX,55.10,55.10,55.00,1400.00
08/05/2018,56.00,FOX,54.50,56.00,54.50,2800.00
07/05/2018,54.40,FOX,54.40,54.40,54.40,0.00
04/05/2018,54.40,FOX,54.40,54.40,54.40,200.00
03/05/2018,55.30,FOX,53.50,55.30,53.50,1100.00
02/05/2018,52.50,FOX,55.00,55.00,52.50,900.00
27/04/2018,54.90,FOX,54.90,54.90,54.90,200.00
26/04/2018,53.10,FOX,52.80,55.00,52.80,8100.00
24/04/2018,53.10,FOX,50.00,53.10,50.00,2100.00
23/04/2018,55.00,FOX,57.00,57.00,55.00,12400.00
20/04/2018,58.00,FOX,60.00,60.00,58.00,3600.00
19/04/2018,60.00,FOX,64.00,64.00,59.40,14000.00
18/04/2018,87.00,FOX,93.00,93.00,85.00,16000.00
17/04/2018,89.00,FOX,91.90,91.90,89.00,4308.00
16/04/2018,92.50,FOX,91.00,92.50,91.00,7200.00
13/04/2018,90.00,FOX,90.00,90.20,88.00,10017.00
12/04/2018,90.00,FOX,87.00,90.00,87.00,11740.00
11/04/2018,85.00,FOX,85.10,85.10,84.90,6000.00
10/04/2018,85.00,FOX,82.00,89.00,82.00,13596.00
09/04/2018,79.90,FOX,80.20,80.20,78.50,18790.00
06/04/2018,80.80,FOX,80.30,80.80,80.00,5400.00
05/04/2018,79.50,FOX,81.00,89.00,79.20,7500.00
04/04/2018,79.90,FOX,81.00,81.00,78.00,16586.00
03/04/2018,75.00,FOX,75.50,75.50,75.00,4400.00
02/04/2018,76.80,FOX,78.00,78.10,76.80,5710.00
30/03/2018,77.90,FOX,82.50,82.50,77.00,7800.00
29/03/2018,77.50,FOX,77.00,77.50,77.00,1315.00
28/03/2018,77.00,FOX,77.00,77.40,77.00,4900.00
27/03/2018,77.00,FOX,76.00,77.00,76.00,22320.00
26/03/2018,77.50,FOX,76.50,84.90,76.50,13000.00
23/03/2018,76.00,FOX,76.40,77.00,75.00,18615.00
22/03/2018,76.90,FOX,76.00,77.00,76.00,23425.00
21/03/2018,77.00,FOX,76.10,77.00,76.10,3609.00
20/03/2018,76.80,FOX,79.00,79.00,75.80,20400.00
19/03/2018,76.00,FOX,73.00,76.00,72.20,22965.00
16/03/2018,72.50,FOX,71.50,72.50,71.00,12245.00
15/03/2018,72.00,FOX,70.80,72.00,70.80,2100.00
14/03/2018,70.80,FOX,70.80,70.80,70.80,0.00
13/03/2018,70.80,FOX,70.90,70.90,70.80,5400.00
12/03/2018,71.50,FOX,71.50,71.50,71.50,57.00
09/03/2018,71.50,FOX,71.50,71.50,71.50,3100.00
08/03/2018,71.50,FOX,71.50,71.50,71.50,3600.00
07/03/2018,73.70,FOX,73.50,73.70,73.50,1058.00
06/03/2018,71.00,FOX,70.70,71.50,70.70,603.00
05/03/2018,71.00,FOX,71.00,72.00,71.00,7700.00
02/03/2018,73.00,FOX,70.30,73.00,70.30,400.00
01/03/2018,70.30,FOX,70.30,70.30,70.30,120.00
28/02/2018,70.50,FOX,71.00,71.40,70.50,3400.00
27/02/2018,71.50,FOX,71.50,71.50,70.50,3300.00
26/02/2018,71.40,FOX,71.20,71.50,71.20,2200.00
23/02/2018,70.90,FOX,75.00,75.00,70.90,4457.00
22/02/2018,76.00,FOX,75.00,76.00,75.00,2050.00
21/02/2018,70.50,FOX,71.40,71.40,70.50,9819.00
13/02/2018,72.00,FOX,71.00,72.00,71.00,800.00
12/02/2018,71.00,FOX,70.20,71.00,70.20,700.00
09/02/2018,72.00,FOX,70.00,72.00,70.00,24110.00
08/02/2018,71.10,FOX,71.10,71.10,71.10,800.00
07/02/2018,70.70,FOX,74.90,74.90,70.70,1150.00
06/02/2018,69.00,FOX,70.50,70.50,69.00,4515.00
05/02/2018,70.50,FOX,72.00,73.00,70.50,27321.00
02/02/2018,73.00,FOX,74.00,75.00,72.50,13300.00
01/02/2018,74.00,FOX,76.00,76.00,74.00,1300.00
31/01/2018,76.90,FOX,76.90,76.90,76.90,101.00
30/01/2018,74.00,FOX,79.70,79.70,73.50,1620.00
29/01/2018,73.50,FOX,74.00,74.00,73.50,10370.00
26/01/2018,74.50,FOX,74.50,74.50,74.50,100.00
25/01/2018,75.50,FOX,77.90,77.90,75.50,802.00
24/01/2018,75.00,FOX,79.90,79.90,74.50,12910.00
23/01/2018,74.90,FOX,73.00,74.90,73.00,4400.00
22/01/2018,73.00,FOX,72.50,74.80,72.00,2400.00
19/01/2018,73.00,FOX,73.00,75.00,73.00,86030.00
18/01/2018,73.00,FOX,73.00,73.00,72.10,41600.00
17/01/2018,75.70,FOX,75.00,75.70,75.00,1552.00
16/01/2018,75.00,FOX,75.00,75.00,75.00,500.00
15/01/2018,73.80,FOX,73.80,73.80,73.80,0.00
12/01/2018,73.80,FOX,73.80,73.80,73.80,0.00
11/01/2018,75.00,FOX,72.60,75.00,72.60,410.00
10/01/2018,75.50,FOX,62.20,75.50,62.20,10120.00
09/01/2018,73.00,FOX,75.00,75.00,73.00,10202.00
08/01/2018,74.90,FOX,74.70,75.00,74.70,3357.00
05/01/2018,73.00,FOX,75.20,76.00,73.00,1800.00
04/01/2018,74.80,FOX,74.90,75.00,74.80,20702.00
03/01/2018,74.00,FOX,74.00,75.00,74.00,10928.00
02/01/2018,74.00,FOX,74.00,74.00,74.00,711.00
29/12/2017,74.50,FOX,74.50,74.80,74.50,2100.00
28/12/2017,74.90,FOX,74.00,74.90,74.00,1440.00
27/12/2017,75.00,FOX,75.00,75.00,75.00,3460.00
26/12/2017,75.00,FOX,71.30,75.00,71.30,2910.00
25/12/2017,75.00,FOX,73.00,75.50,73.00,710.00
22/12/2017,74.70,FOX,75.00,75.00,74.50,8800.00
21/12/2017,73.50,FOX,77.00,77.00,73.50,940.00
20/12/2017,75.00,FOX,68.10,75.00,68.10,7617.00
19/12/2017,77.40,FOX,77.40,77.40,77.40,120.00
18/12/2017,74.00,FOX,78.00,78.00,73.10,7400.00
15/12/2017,73.00,FOX,75.00,75.00,73.00,4116.00
14/12/2017,77.00,FOX,77.90,77.90,77.00,1027.00
13/12/2017,76.50,FOX,72.10,76.50,72.10,800.00
12/12/2017,77.00,FOX,77.90,78.00,75.00,13800.00
11/12/2017,73.00,FOX,70.10,78.00,70.10,16510.00
08/12/2017,78.20,FOX,79.10,79.10,75.00,1300.00
07/12/2017,78.90,FOX,80.00,80.00,78.90,1000.00
06/12/2017,76.20,FOX,77.00,77.00,76.10,2067.00
05/12/2017,75.10,FOX,68.10,78.10,68.10,4408.00
04/12/2017,78.00,FOX,79.00,79.00,78.00,5964.00
01/12/2017,77.10,FOX,77.10,77.10,77.10,208.00
30/11/2017,80.00,FOX,80.00,81.00,80.00,16850.00
29/11/2017,80.00,FOX,78.50,80.00,77.90,23500.00
28/11/2017,78.10,FOX,79.90,79.90,78.10,3164.00
27/11/2017,79.90,FOX,80.00,81.00,78.10,24701.00
24/11/2017,78.00,FOX,77.00,78.00,76.50,27203.00
23/11/2017,77.00,FOX,76.60,77.00,75.60,10220.00
22/11/2017,77.80,FOX,74.40,85.10,74.30,29000.00
21/11/2017,74.20,FOX,75.00,77.00,73.90,13510.00
20/11/2017,76.00,FOX,73.50,76.00,73.00,23819.00
17/11/2017,73.00,FOX,71.90,73.00,71.50,8000.00
16/11/2017,73.00,FOX,71.90,73.00,71.30,13300.00
15/11/2017,71.30,FOX,71.40,71.40,71.30,1114.00
14/11/2017,71.00,FOX,70.80,71.60,70.80,1700.00
13/11/2017,71.50,FOX,71.00,71.50,70.10,1240.00
10/11/2017,71.00,FOX,71.00,71.00,71.00,1550.00
09/11/2017,71.00,FOX,71.10,71.10,71.00,1872.00
08/11/2017,71.10,FOX,70.50,71.50,70.50,1500.00
07/11/2017,70.50,FOX,70.10,70.60,70.10,2900.00
06/11/2017,70.00,FOX,70.50,70.50,70.00,20000.00
03/11/2017,70.50,FOX,70.50,73.00,70.50,20060.00
02/11/2017,70.50,FOX,70.60,71.40,70.50,2682.00
01/11/2017,70.00,FOX,71.00,71.00,70.00,4200.00
31/10/2017,71.00,FOX,71.00,71.00,71.00,3209.00
30/10/2017,70.60,FOX,70.60,70.60,70.60,520.00
27/10/2017,70.60,FOX,70.60,70.60,70.60,1450.00
26/10/2017,70.60,FOX,70.60,70.60,70.60,600.00
25/10/2017,71.50,FOX,71.00,71.50,71.00,7250.00
24/10/2017,71.90,FOX,71.90,71.90,71.90,21.00
23/10/2017,72.00,FOX,71.00,72.50,71.00,809.00
20/10/2017,72.00,FOX,73.00,73.00,72.00,5403.00
19/10/2017,73.50,FOX,72.00,73.50,72.00,300.00
18/10/2017,72.00,FOX,72.50,72.50,72.00,8900.00
17/10/2017,72.30,FOX,73.00,73.00,72.30,2976.00
16/10/2017,72.50,FOX,72.00,72.50,72.00,1200.00
13/10/2017,72.10,FOX,72.10,72.10,72.10,1015.00
12/10/2017,72.00,FOX,72.00,72.00,72.00,23902.00
11/10/2017,71.80,FOX,72.00,72.00,71.80,12601.00
10/10/2017,72.90,FOX,71.90,72.90,71.80,3300.00
09/10/2017,71.50,FOX,72.00,72.00,71.50,16700.00
06/10/2017,71.90,FOX,72.90,73.00,71.40,13001.00
05/10/2017,70.00,FOX,70.00,70.00,70.00,1000.00
04/10/2017,72.00,FOX,70.60,72.00,70.60,1100.00
03/10/2017,71.00,FOX,71.50,71.50,71.00,4400.00
02/10/2017,71.60,FOX,72.00,74.40,71.60,4640.00
29/09/2017,72.00,FOX,72.00,72.00,72.00,100.00
28/09/2017,71.50,FOX,71.30,71.50,71.30,1201.00
27/09/2017,71.30,FOX,71.10,71.30,71.10,1500.00
26/09/2017,71.90,FOX,71.00,71.90,71.00,14370.00
25/09/2017,73.00,FOX,73.00,73.00,73.00,6002.00
22/09/2017,71.10,FOX,71.10,73.00,71.10,14171.00
21/09/2017,71.80,FOX,71.00,71.80,71.00,9800.00
20/09/2017,71.80,FOX,71.00,71.80,71.00,3402.00
19/09/2017,71.60,FOX,72.50,72.50,71.60,2600.00
18/09/2017,71.00,FOX,72.00,72.00,71.00,1900.00
15/09/2017,70.60,FOX,72.00,73.00,70.60,3433.00
14/09/2017,71.10,FOX,71.10,71.10,71.10,100.00
13/09/2017,71.00,FOX,74.00,74.00,71.00,16000.00
12/09/2017,71.00,FOX,73.20,73.20,71.00,2153.00
11/09/2017,70.30,FOX,74.50,74.50,70.00,9400.00
08/09/2017,73.00,FOX,70.00,73.00,70.00,1800.00
07/09/2017,71.00,FOX,72.50,72.50,71.00,450.00
06/09/2017,72.00,FOX,71.00,72.00,70.50,5000.00
05/09/2017,70.40,FOX,70.40,70.40,70.40,0.00
01/09/2017,72.00,FOX,72.00,72.00,70.00,19980.00
31/08/2017,72.00,FOX,70.10,74.50,70.00,11032.00
30/08/2017,73.00,FOX,73.00,73.00,73.00,8.00
29/08/2017,73.00,FOX,73.00,73.00,73.00,6100.00
28/08/2017,73.00,FOX,73.00,73.00,73.00,4570.00
25/08/2017,73.00,FOX,73.00,73.00,73.00,4300.00
24/08/2017,73.00,FOX,73.00,73.00,73.00,8300.00
23/08/2017,73.00,FOX,73.10,73.10,73.00,15010.00
22/08/2017,75.00,FOX,75.00,75.00,75.00,11.00
21/08/2017,75.00,FOX,75.00,75.00,75.00,2500.00
18/08/2017,77.00,FOX,75.50,77.00,75.50,5000.00
17/08/2017,77.00,FOX,74.20,77.00,74.00,15905.00
16/08/2017,74.00,FOX,74.00,74.00,74.00,6000.00
15/08/2017,75.00,FOX,75.10,76.00,74.00,17100.00
14/08/2017,75.00,FOX,75.80,75.80,75.00,7205.00
11/08/2017,75.80,FOX,75.80,75.80,75.80,200.00
10/08/2017,75.80,FOX,75.80,75.80,75.80,0.00
09/08/2017,75.80,FOX,75.80,75.80,75.80,0.00
08/08/2017,76.00,FOX,75.00,76.00,75.00,8900.00
07/08/2017,75.50,FOX,75.50,75.50,75.50,900.00
04/08/2017,75.90,FOX,75.90,75.90,75.90,0.00
03/08/2017,76.00,FOX,76.00,76.00,75.50,6450.00
02/08/2017,76.00,FOX,76.10,76.10,76.00,5900.00
01/08/2017,77.20,FOX,77.20,77.20,77.20,450.00
31/07/2017,75.00,FOX,79.00,79.00,72.00,1682.00
28/07/2017,78.50,FOX,78.60,78.60,78.50,7301.00
27/07/2017,78.60,FOX,78.60,78.60,78.60,8.00
26/07/2017,79.00,FOX,76.90,80.00,76.80,18002.00
25/07/2017,75.30,FOX,75.20,75.80,75.20,3106.00
24/07/2017,75.50,FOX,75.50,76.00,75.50,420.00
21/07/2017,76.50,FOX,75.50,76.50,75.50,1030.00
20/07/2017,76.40,FOX,77.00,77.00,76.40,6300.00
19/07/2017,77.00,FOX,77.50,77.50,77.00,724.00
18/07/2017,77.00,FOX,77.80,77.80,77.00,3000.00
17/07/2017,78.00,FOX,77.00,78.00,77.00,665.00
14/07/2017,78.20,FOX,79.00,79.00,78.00,6700.00
13/07/2017,79.00,FOX,80.00,81.00,79.00,8800.00
12/07/2017,79.50,FOX,79.00,79.50,79.00,7830.00
11/07/2017,78.80,FOX,78.80,78.80,78.80,1200.00
10/07/2017,77.80,FOX,78.00,78.50,77.80,8300.00
07/07/2017,78.90,FOX,75.00,81.00,75.00,30430.00
06/07/2017,74.00,FOX,76.00,76.00,74.00,6505.00
05/07/2017,74.00,FOX,74.00,74.00,74.00,400.00
04/07/2017,74.20,FOX,73.10,74.20,73.10,2230.00
03/07/2017,73.90,FOX,75.50,75.50,73.90,1300.00
30/06/2017,73.50,FOX,73.50,73.50,73.50,1072.00
29/06/2017,72.50,FOX,72.50,72.50,72.50,110.00
28/06/2017,73.90,FOX,73.90,73.90,73.90,33.00
27/06/2017,73.90,FOX,73.90,73.90,73.90,0.00
26/06/2017,74.00,FOX,74.00,74.00,73.50,5700.00
23/06/2017,71.20,FOX,71.00,71.90,71.00,2700.00
22/06/2017,71.40,FOX,71.20,71.40,71.20,426.00
21/06/2017,73.70,FOX,73.70,73.70,73.70,50.00
20/06/2017,74.50,FOX,72.00,74.50,72.00,5517.00
19/06/2017,70.00,FOX,70.30,70.30,66.00,8000.00
16/06/2017,71.50,FOX,70.00,71.50,70.00,2600.00
15/06/2017,70.00,FOX,70.00,70.00,70.00,0.00
14/06/2017,70.10,FOX,70.00,70.20,70.00,19569.00
13/06/2017,69.00,FOX,70.00,72.00,69.00,18700.00
12/06/2017,70.00,FOX,70.00,70.00,70.00,9200.00
09/06/2017,70.10,FOX,70.00,70.70,70.00,18100.00
08/06/2017,71.50,FOX,75.20,75.20,70.00,13200.00
07/06/2017,75.20,FOX,75.30,75.30,75.20,5016.00
06/06/2017,76.00,FOX,77.60,77.60,76.00,8655.00
05/06/2017,78.00,FOX,77.50,78.10,77.50,2610.00
02/06/2017,77.50,FOX,81.00,81.00,77.50,3310.00
01/06/2017,86.60,FOX,86.60,86.60,86.60,4400.00
31/05/2017,86.50,FOX,86.60,86.60,86.50,3200.00
30/05/2017,87.00,FOX,86.20,87.00,86.20,4300.00
29/05/2017,88.00,FOX,87.50,88.00,87.50,3600.00
26/05/2017,88.00,FOX,89.00,89.00,88.00,5211.00
25/05/2017,88.10,FOX,88.10,88.10,88.10,0.00
24/05/2017,86.20,FOX,89.00,89.00,86.20,1500.00
23/05/2017,86.10,FOX,88.00,88.00,86.10,4300.00
22/05/2017,87.80,FOX,88.00,88.00,87.00,4017.00
19/05/2017,88.00,FOX,86.20,88.00,86.20,10600.00
18/05/2017,86.00,FOX,86.00,86.00,86.00,100.00
17/05/2017,86.00,FOX,86.00,87.00,85.80,28500.00
16/05/2017,86.00,FOX,86.00,86.50,86.00,12500.00
15/05/2017,86.00,FOX,87.50,87.50,86.00,7000.00
12/05/2017,88.00,FOX,88.00,88.00,88.00,24.00
11/05/2017,89.00,FOX,89.00,89.00,89.00,0.00
10/05/2017,89.00,FOX,89.00,89.00,89.00,1009.00
09/05/2017,85.00,FOX,83.00,85.00,83.00,4403.00
08/05/2017,83.00,FOX,84.00,84.00,83.00,2673.00
05/05/2017,85.00,FOX,85.00,85.00,85.00,2013.00
04/05/2017,85.20,FOX,85.00,85.30,85.00,1910.00
03/05/2017,85.90,FOX,85.90,85.90,85.90,0.00
28/04/2017,86.00,FOX,85.00,86.00,85.00,1800.00
27/04/2017,90.00,FOX,89.00,90.00,89.00,900.00
26/04/2017,89.50,FOX,89.50,89.50,89.50,100.00
25/04/2017,89.00,FOX,89.00,89.00,89.00,100.00
24/04/2017,89.00,FOX,89.00,90.00,89.00,1100.00
21/04/2017,90.50,FOX,90.00,90.50,90.00,1702.00
20/04/2017,90.00,FOX,90.00,90.00,90.00,2010.00
19/04/2017,90.00,FOX,90.00,90.00,90.00,1381.00
18/04/2017,90.00,FOX,90.00,90.00,90.00,500.00
17/04/2017,90.00,FOX,90.00,90.90,90.00,1134.00
14/04/2017,93.00,FOX,93.00,93.00,93.00,167.00
13/04/2017,90.00,FOX,90.00,90.00,90.00,600.00
12/04/2017,90.50,FOX,90.00,90.50,90.00,4640.00
11/04/2017,90.20,FOX,90.20,90.20,90.00,2950.00
10/04/2017,91.50,FOX,93.00,93.00,91.50,1910.00
07/04/2017,94.00,FOX,93.00,94.00,93.00,1200.00
05/04/2017,94.00,FOX,94.00,94.00,94.00,100.00
04/04/2017,90.00,FOX,90.00,94.00,90.00,12100.00
03/04/2017,94.90,FOX,94.90,94.90,94.90,10.00
31/03/2017,95.00,FOX,95.00,95.00,94.00,12030.00
30/03/2017,96.00,FOX,96.00,96.00,96.00,1199.00
29/03/2017,97.50,FOX,97.50,97.50,97.50,10.00
28/03/2017,97.50,FOX,97.50,97.50,97.50,350.00
27/03/2017,96.50,FOX,97.50,97.50,96.50,899.00
24/03/2017,96.50,FOX,96.50,96.50,96.00,1399.00
23/03/2017,97.50,FOX,97.50,97.50,97.50,0.00
22/03/2017,97.50,FOX,97.50,97.50,97.50,945.00
21/03/2017,97.50,FOX,97.50,97.50,97.50,1732.00
20/03/2017,96.50,FOX,97.00,98.00,96.50,2598.00
17/03/2017,96.50,FOX,96.50,96.50,96.50,575.00
16/03/2017,98.00,FOX,98.00,98.00,98.00,3741.00
15/03/2017,98.00,FOX,98.00,98.10,98.00,3907.00
14/03/2017,98.00,FOX,96.70,98.00,96.70,7274.00
13/03/2017,96.10,FOX,98.00,98.00,96.10,800.00
10/03/2017,96.00,FOX,98.00,98.00,96.00,12265.00
09/03/2017,98.60,FOX,98.60,98.60,98.60,708.00
08/03/2017,98.60,FOX,98.00,99.00,98.00,9875.00
07/03/2017,97.00,FOX,98.60,98.60,97.00,5462.00
06/03/2017,98.80,FOX,98.00,98.80,98.00,12106.00
03/03/2017,98.00,FOX,98.00,98.10,98.00,6212.00
02/03/2017,97.10,FOX,97.30,97.30,97.10,1120.00
01/03/2017,98.00,FOX,98.10,98.10,98.00,2294.00
28/02/2017,99.00,FOX,96.50,99.00,95.00,8986.00
27/02/2017,97.10,FOX,97.10,97.30,97.10,2121.00
24/02/2017,99.00,FOX,97.00,99.00,97.00,8054.00
23/02/2017,99.00,FOX,99.50,99.90,99.00,16150.00
22/02/2017,99.90,FOX,100.00,100.00,99.80,8270.00
21/02/2017,100.10,FOX,100.00,100.50,99.80,23431.00
20/02/2017,99.80,FOX,100.20,102.60,98.00,11571.00
17/02/2017,98.50,FOX,98.50,99.00,98.00,17060.00
16/02/2017,98.00,FOX,96.00,98.00,95.50,21900.00
15/02/2017,95.50,FOX,95.00,95.50,95.00,13410.00
14/02/2017,96.40,FOX,95.50,96.50,95.30,29368.00
13/02/2017,95.70,FOX,95.50,95.90,95.50,15245.00
10/02/2017,95.50,FOX,96.00,96.20,95.20,12750.00
09/02/2017,95.70,FOX,92.50,96.00,92.50,14400.00
08/02/2017,94.00,FOX,92.00,94.00,92.00,6764.00
07/02/2017,94.00,FOX,99.70,99.70,94.00,21674.00
06/02/2017,95.00,FOX,95.50,95.50,90.00,10365.00
03/02/2017,100.00,FOX,96.00,100.80,96.00,3125.00
02/02/2017,101.00,FOX,100.10,101.50,100.00,10466.00
25/01/2017,100.00,FOX,100.00,100.30,100.00,19900.00
24/01/2017,100.30,FOX,100.00,101.00,100.00,15410.00
23/01/2017,100.00,FOX,100.00,100.20,100.00,11545.00
20/01/2017,102.00,FOX,99.00,102.00,99.00,53302.00
19/01/2017,104.00,FOX,107.00,107.00,100.00,36126.00
18/01/2017,109.00,FOX,114.60,114.60,100.00,10387.00
17/01/2017,99.90,FOX,99.90,99.90,99.00,64517.00
16/01/2017,86.90,FOX,86.90,86.90,86.90,10400.00
13/01/2017,75.60,FOX,75.60,75.60,75.60,600.00
